{"cameraMode":{"drawMode":0,"name":"Shaded","section":"Shading Mode"},"sceneLighting":false,"audioPlay":false,"sceneViewState":{"showFog":true,"showMaterialUpdate":false,"showSkybox":true,"showFlares":true,"showImageEffects":true,"showParticleSystems":true},"in2DMode":false,"pivot":{"x":-3.190032720565796,"y":-0.13215875625610352,"z":-2.361067771911621},"rotation":{"x":0.27203142642974856,"y":-0.20695611834526063,"z":0.060030486434698108,"w":0.9378548264503479},"size":7.1013593673706059,"orthographic":false}