{"cameraMode":{"drawMode":0,"name":"Shaded","section":"Shading Mode"},"sceneLighting":false,"audioPlay":false,"sceneViewState":{"showFog":true,"showMaterialUpdate":false,"showSkybox":true,"showFlares":true,"showImageEffects":true,"showParticleSystems":true},"in2DMode":false,"pivot":{"x":-4.920000076293945,"y":0.0,"z":-2.809000015258789},"rotation":{"x":0.46209388971328738,"y":-0.06612463295459748,"z":0.034578971564769748,"w":0.8836902976036072},"size":3.457883596420288,"orthographic":false}