{"cameraMode":{"drawMode":0,"name":"Shaded","section":"Shading Mode"},"sceneLighting":false,"audioPlay":false,"sceneViewState":{"showFog":true,"showMaterialUpdate":false,"showSkybox":true,"showFlares":true,"showImageEffects":true,"showParticleSystems":true},"in2DMode":false,"pivot":{"x":-10.033428192138672,"y":-9.005376815795899,"z":7.782841205596924},"rotation":{"x":-0.704439103603363,"y":-0.013413695618510247,"z":0.0133174117654562,"w":-0.7095133662223816},"size":10.676573753356934,"orthographic":false}