{"cameraMode":{"drawMode":0,"name":"Shaded","section":"Shading Mode"},"sceneLighting":false,"audioPlay":false,"sceneViewState":{"showFog":true,"showMaterialUpdate":false,"showSkybox":true,"showFlares":true,"showImageEffects":true,"showParticleSystems":true},"in2DMode":false,"pivot":{"x":-0.7728073596954346,"y":-0.520174503326416,"z":0.3016190528869629},"rotation":{"x":-0.16781678795814515,"y":0.8319644331932068,"z":-0.3629070520401001,"w":-0.38479360938072207},"size":2.7988054752349855,"orthographic":false}