{"cameraMode":{"drawMode":0,"name":"Shaded","section":"Shading Mode"},"sceneLighting":false,"audioPlay":false,"sceneViewState":{"showFog":true,"showMaterialUpdate":false,"showSkybox":true,"showFlares":true,"showImageEffects":true,"showParticleSystems":true},"in2DMode":false,"pivot":{"x":-5.612254619598389,"y":-6.908928871154785,"z":12.606575965881348},"rotation":{"x":-0.327648401260376,"y":0.4877450168132782,"z":-0.20409679412841798,"w":-0.78300541639328},"size":10.767189979553223,"orthographic":false}