{"cameraMode":{"drawMode":0,"name":"Shaded","section":"Shading Mode"},"sceneLighting":false,"audioPlay":false,"sceneViewState":{"showFog":true,"showMaterialUpdate":false,"showSkybox":true,"showFlares":true,"showImageEffects":true,"showParticleSystems":true},"in2DMode":false,"pivot":{"x":0.1899125576019287,"y":-0.5537006855010986,"z":-0.3930304944515228},"rotation":{"x":-0.31403011083602908,"y":-0.6811503171920776,"z":0.5143826603889465,"w":-0.4158076345920563},"size":3.457883834838867,"orthographic":false}