{"cameraMode":{"drawMode":0,"name":"Shaded","section":"Shading Mode"},"sceneLighting":false,"audioPlay":false,"sceneViewState":{"showFog":true,"showMaterialUpdate":false,"showSkybox":true,"showFlares":true,"showImageEffects":true,"showParticleSystems":true},"in2DMode":false,"pivot":{"x":0.20477265119552613,"y":0.2413703203201294,"z":-0.3603515625},"rotation":{"x":-0.028427574783563615,"y":-0.9483503103256226,"z":0.08873636275529862,"w":-0.30334028601646426},"size":2.8578836917877199,"orthographic":false}