{"cameraMode":{"drawMode":0,"name":"Shaded","section":"Shading Mode"},"sceneLighting":false,"audioPlay":false,"sceneViewState":{"showFog":true,"showMaterialUpdate":false,"showSkybox":true,"showFlares":true,"showImageEffects":true,"showParticleSystems":true},"in2DMode":false,"pivot":{"x":-6.3781938552856449,"y":-7.197752475738525,"z":10.382684707641602},"rotation":{"x":-0.327648401260376,"y":0.4877450168132782,"z":-0.20409679412841798,"w":-0.78300541639328},"size":11.050193786621094,"orthographic":false}