{"cameraMode":{"drawMode":0,"name":"Shaded","section":"Shading Mode"},"sceneLighting":false,"audioPlay":false,"sceneViewState":{"showFog":true,"showMaterialUpdate":false,"showSkybox":true,"showFlares":true,"showImageEffects":true,"showParticleSystems":true},"in2DMode":false,"pivot":{"x":0.0,"y":-1.093000054359436,"z":8.706999778747559},"rotation":{"x":-0.2841827869415283,"y":-0.03105996362864971,"z":0.009211523458361626,"w":-0.9582226276397705},"size":2.8578836917877199,"orthographic":false}