{"cameraMode":{"drawMode":0,"name":"Shaded","section":"Shading Mode"},"sceneLighting":false,"audioPlay":false,"sceneViewState":{"showFog":true,"showMaterialUpdate":false,"showSkybox":true,"showFlares":true,"showImageEffects":true,"showParticleSystems":true},"in2DMode":false,"pivot":{"x":-0.14809012413024903,"y":-0.42936158180236819,"z":0.37087512016296389},"rotation":{"x":-0.01453313883394003,"y":0.7886959314346314,"z":-0.6144033074378967,"w":-0.0187193863093853},"size":6.796442031860352,"orthographic":false}