{"cameraMode":{"drawMode":0,"name":"Shaded","section":"Shading Mode"},"sceneLighting":false,"audioPlay":false,"sceneViewState":{"showFog":true,"showMaterialUpdate":false,"showSkybox":true,"showFlares":true,"showImageEffects":true,"showParticleSystems":true},"in2DMode":false,"pivot":{"x":1.0401531457901,"y":-1.0079342126846314,"z":-1.830251693725586},"rotation":{"x":-0.4337799847126007,"y":0.2285366952419281,"z":-0.11474356800317764,"w":-0.8639672994613648},"size":2.8578836917877199,"orthographic":false}