{"cameraMode":{"drawMode":0,"name":"Shaded","section":"Shading Mode"},"sceneLighting":false,"audioPlay":false,"sceneViewState":{"showFog":true,"showMaterialUpdate":false,"showSkybox":true,"showFlares":true,"showImageEffects":true,"showParticleSystems":true},"in2DMode":false,"pivot":{"x":-4.070286750793457,"y":-1.0547547340393067,"z":-3.01785945892334},"rotation":{"x":0.27796489000320437,"y":-0.3268248438835144,"z":0.1012110710144043,"w":0.8975998759269714},"size":4.452576637268066,"orthographic":false}