{"cameraMode":{"drawMode":0,"name":"Shaded","section":"Shading Mode"},"sceneLighting":false,"audioPlay":false,"sceneViewState":{"showFog":true,"showMaterialUpdate":false,"showSkybox":true,"showFlares":true,"showImageEffects":true,"showParticleSystems":true},"in2DMode":false,"pivot":{"x":-9.870356559753418,"y":-8.841670036315918,"z":9.565629959106446},"rotation":{"x":-0.6400641202926636,"y":-0.01797613687813282,"z":0.014981952495872975,"w":-0.7679656744003296},"size":11.588400840759278,"orthographic":false}