{"cameraMode":{"drawMode":0,"name":"Shaded","section":"Shading Mode"},"sceneLighting":false,"audioPlay":false,"sceneViewState":{"showFog":true,"showMaterialUpdate":false,"showSkybox":true,"showFlares":true,"showImageEffects":true,"showParticleSystems":true},"in2DMode":false,"pivot":{"x":-3083.0283203125,"y":-2025.8634033203125,"z":-1731.795654296875},"rotation":{"x":0.266849547624588,"y":-0.17485876381397248,"z":0.04929976165294647,"w":0.9464635252952576},"size":1.2860546112060547,"orthographic":false}