{"cameraMode":{"drawMode":0,"name":"Shaded","section":"Shading Mode"},"sceneLighting":false,"audioPlay":false,"sceneViewState":{"showFog":true,"showMaterialUpdate":false,"showSkybox":true,"showFlares":true,"showImageEffects":true,"showParticleSystems":true},"in2DMode":false,"pivot":{"x":-0.005982398986816406,"y":-0.0034740567207336427,"z":0.005145728588104248},"rotation":{"x":-0.014850613661110402,"y":0.8299532532691956,"z":-0.5572778582572937,"w":-0.022186312824487687},"size":3.6417171955108644,"orthographic":false}