{"cameraMode":{"drawMode":0,"name":"Shaded","section":"Shading Mode"},"sceneLighting":false,"audioPlay":false,"sceneViewState":{"showFog":true,"showMaterialUpdate":false,"showSkybox":true,"showFlares":true,"showImageEffects":true,"showParticleSystems":true},"in2DMode":false,"pivot":{"x":-3082.10107421875,"y":-2024.9222412109375,"z":-1733.140380859375},"rotation":{"x":0.3977915346622467,"y":-0.11891724914312363,"z":0.05208241939544678,"w":0.9082488417625427},"size":-0.35944968461990359,"orthographic":false}