{"cameraMode":{"drawMode":0,"name":"Shaded","section":"Shading Mode"},"sceneLighting":false,"audioPlay":false,"sceneViewState":{"showFog":true,"showMaterialUpdate":false,"showSkybox":true,"showFlares":true,"showImageEffects":true,"showParticleSystems":true},"in2DMode":false,"pivot":{"x":-0.0033967196941375734,"y":1.1863549947738648,"z":-0.2655334174633026},"rotation":{"x":-0.046728651970624927,"y":0.8386103510856628,"z":-0.537892758846283,"w":-0.0729045644402504},"size":1.79329514503479,"orthographic":false}