{"cameraMode":{"drawMode":0,"name":"Shaded","section":"Shading Mode"},"sceneLighting":false,"audioPlay":false,"sceneViewState":{"showFog":true,"showMaterialUpdate":false,"showSkybox":true,"showFlares":true,"showImageEffects":true,"showParticleSystems":true},"in2DMode":false,"pivot":{"x":0.013759613037109375,"y":-0.5753345489501953,"z":-0.5694153904914856},"rotation":{"x":-0.31403011083602908,"y":-0.6811503171920776,"z":0.5143826603889465,"w":-0.4158076345920563},"size":1.357884168624878,"orthographic":false}