{"cameraMode":{"drawMode":0,"name":"Shaded","section":"Shading Mode"},"sceneLighting":true,"audioPlay":false,"sceneViewState":{"showFog":true,"showMaterialUpdate":false,"showSkybox":true,"showFlares":true,"showImageEffects":true,"showParticleSystems":true},"in2DMode":false,"pivot":{"x":-9.224446296691895,"y":0.631132185459137,"z":7.845076560974121},"rotation":{"x":0.47694024443626406,"y":0.056890249252319339,"z":-0.030952882021665574,"w":0.8765504360198975},"size":4.274327278137207,"orthographic":false}