{"cameraMode":{"drawMode":0,"name":"Shaded","section":"Shading Mode"},"sceneLighting":false,"audioPlay":false,"sceneViewState":{"showFog":true,"showMaterialUpdate":false,"showSkybox":true,"showFlares":true,"showImageEffects":true,"showParticleSystems":true},"in2DMode":false,"pivot":{"x":0.4774291515350342,"y":0.622418999671936,"z":0.04193590581417084},"rotation":{"x":-0.1150815561413765,"y":0.7320050001144409,"z":-0.12777480483055116,"w":-0.6593133807182312},"size":1.991492509841919,"orthographic":false}