{"cameraMode":{"drawMode":0,"name":"Shaded","section":"Shading Mode"},"sceneLighting":false,"audioPlay":false,"sceneViewState":{"showFog":true,"showMaterialUpdate":false,"showSkybox":true,"showFlares":true,"showImageEffects":true,"showParticleSystems":true},"in2DMode":false,"pivot":{"x":0.6501889228820801,"y":-1.855651617050171,"z":0.16388487815856934},"rotation":{"x":-0.21837663650512696,"y":0.7770946621894836,"z":-0.3671029806137085,"w":-0.46234798431396487},"size":5.814307689666748,"orthographic":false}