{"cameraMode":{"drawMode":0,"name":"Shaded","section":"Shading Mode"},"sceneLighting":false,"audioPlay":false,"sceneViewState":{"showFog":true,"showMaterialUpdate":false,"showSkybox":true,"showFlares":true,"showImageEffects":true,"showParticleSystems":true},"in2DMode":false,"pivot":{"x":-5.203422546386719,"y":-1.2216200828552247,"z":-2.762420892715454},"rotation":{"x":0.41728129982948305,"y":-0.22732117772102357,"z":0.10863727331161499,"w":0.8731603622436523},"size":4.100626468658447,"orthographic":false}